Sequence type,Avg num reads,Avg % euk bps/reads,Avg num euk reads,Total reads,Avg num prok reads
COI,72862.96429,0.993480402,72368.91964,1,494.0446429
18S,62214.72768,0.999936934,62212.64732,1,2.080357143
Metagenomes,42116990.33,0.108481233,4568903.032,1,37548087.3